,run,ndcg (base),ndcg (fuse),ndcg (diff),ndcg (pval),map (base),map (fuse),map (diff),map (pval),precision@10 (base),precision@10 (fuse),precision@10 (diff),precision@10 (pval),bpref (base),bpref (fuse),bpref (diff),bpref (pval),ndcg@10 (base),ndcg@10 (fuse),ndcg@10 (diff),ndcg@10 (pval),ndcg@50 (base),ndcg@50 (fuse),ndcg@50 (diff),ndcg@50 (pval),ndcg@100 (base),ndcg@100 (fuse),ndcg@100 (diff),ndcg@100 (pval),ndcg@200 (base),ndcg@200 (fuse),ndcg@200 (diff),ndcg@200 (pval),ndcg@500 (base),ndcg@500 (fuse),ndcg@500 (diff),ndcg@500 (pval),ndcg@1000 (base),ndcg@1000 (fuse),ndcg@1000 (diff),ndcg@1000 (pval)
0,UDInfoPMSA3,0.30556596786167967,0.6394526680399227,0.33388670017824307,7.322661100512166e-17,0.10776303621352028,0.34306533469005696,0.23530229847653666,5.549995633888921e-13,0.4059999999999999,0.47400000000000003,0.06800000000000012,0.05889936272927071,0.23651058490019372,0.33900373312857907,0.10249314822838534,9.681081138826094e-05,0.35839566054467276,0.40722282540535565,0.04882716486068289,0.1626496068193956,0.24585185732512854,0.39515520229977563,0.1493033449746471,2.973247015324532e-08,0.2306642881939382,0.43045642709825616,0.19979213890431796,1.5950811283919825e-12,0.23913097069413375,0.5351311900433204,0.2960002193491867,1.3078526707720366e-19,0.27729239009493356,0.6308444706062918,0.3535520805113582,2.562834787596868e-18,0.30556596786167967,0.6379207115006631,0.33235474363898343,9.906719390823904e-17
1,IKMLAB_1,0.4875771014348279,0.6546915008997941,0.1671143994649662,1.5647712088050742e-14,0.20165608843410143,0.37820336204376,0.17654727360965855,9.583206631813984e-10,0.528,0.544,0.016000000000000014,0.6075336666920331,0.4083816463414846,0.3838277485223904,-0.024553897819094228,0.19007088025727578,0.4148170299175672,0.4418940026476071,0.027076972730039894,0.41055085964407456,0.34615835671629397,0.44380729886749626,0.09764894215120229,1.7410357597997167e-05,0.33906074203585956,0.47678334331485867,0.1377226012789991,1.3762788151805358e-08,0.3813102612465846,0.5716181082945555,0.19030784704797088,1.4271890665548648e-12,0.4448039301820544,0.6464825584987289,0.20167862831667455,7.95044457158594e-14,0.4875771014348279,0.6533904422033914,0.16581334076856347,1.582675789638442e-14
2,doc2vec_run,0.0023381473954216044,0.5786895708679558,0.5763514234725342,2.2823352418265325e-31,9.869436288358736e-05,0.28322851799661103,0.28312982363372746,5.214054185456343e-16,0.004,0.366,0.362,4.92369924861294e-12,0.0024143605863345434,0.28562083645577685,0.2832064758694423,1.9066564631725898e-13,0.0025448315279580688,0.2696684336396369,0.2671236021116788,1.87247023645141e-11,0.0019629168835806317,0.32676178070562395,0.3247988638220433,3.5165223195815646e-17,0.0012091110000445565,0.3656065929089062,0.3643974819088616,4.134308971107989e-21,0.0009661641362638299,0.46389600353813953,0.4629298394018757,1.3173524119266197e-26,0.0014375928229739942,0.5748755092839934,0.5734379164610195,1.7443671279151317e-31,0.0023381473954216044,0.5786895708679558,0.5763514234725342,2.2823352418265325e-31
3,cbnuSA3,0.2581609965369483,0.6090202286777832,0.35085923214083486,1.6452802155144194e-18,0.06883800182722197,0.3176894617823905,0.24885145995516852,2.5775816784794435e-14,0.23800000000000002,0.3560000000000001,0.11800000000000008,0.00022762122007213592,0.21728170940260014,0.3258640139197338,0.10858230451713366,0.00010531349338799468,0.2048928415798919,0.29836573492043417,0.09347289334054226,0.002513441191655385,0.1506065769613892,0.36050854051536896,0.20990196355397975,8.059421010456462e-13,0.1430028911887065,0.4074021715199222,0.26439928033121574,7.06960090233867e-17,0.16305381978449088,0.5103043590377161,0.34725053925322524,6.390709991973585e-20,0.21467710211105878,0.6012822004640764,0.38660509835301765,3.246840089679036e-20,0.2581609965369483,0.6083654123063832,0.3502044157694349,1.7322404037628085e-18
4,two_stage,0.5245689428095386,0.7018088266951262,0.17723988388558765,7.45844927080692e-11,0.22776613481758068,0.39441825735950364,0.16665212254192296,3.702453195560936e-08,0.508,0.528,0.020000000000000018,0.5511090700286928,0.4007013717609849,0.377873052256529,-0.022828319504455907,0.3673706229004753,0.4676288442808947,0.4662219704707038,-0.0014068738101908895,0.9616505517812721,0.4022516630439414,0.44825545508721276,0.046003792043271374,0.04376164467095274,0.3884119776985204,0.47847176041797745,0.09005978271945703,3.634303975024939e-05,0.41148664584898426,0.5805939046265232,0.1691072587775389,2.2640545669871112e-10,0.4831105201152155,0.6834151166211059,0.2003045965058904,8.478347542377607e-12,0.5245689428095386,0.6991269555527383,0.1745580127431997,9.466413929250114e-11
5,bool51,0.36494170527928477,0.6511954389606516,0.2862537336813668,8.780916551554992e-17,0.1385758060320192,0.36256313908583065,0.22398733305381147,3.693622557721188e-14,0.446,0.516,0.07,0.020833920609015285,0.31286785087229296,0.3586293121031122,0.045761461230819256,0.027248127435785446,0.4095109446522524,0.45440701646412335,0.04489607181187094,0.15446342190775367,0.3070122551619809,0.438533516787162,0.13152126162518113,7.924412364725246e-08,0.28141133819796216,0.47147681511987505,0.1900654769219129,7.081504094728617e-13,0.2929405246228607,0.5591751714009103,0.26623464677804964,8.838999120924043e-19,0.3352438511316497,0.6432519973273153,0.30800814619566563,3.2561284672364395e-18,0.36494170527928477,0.6507124643868267,0.28577075910754196,8.970980617235898e-17
6,MSIIP_PBL,0.54344793542532,0.707460070585127,0.16401213515980706,1.2186566968954377e-09,0.24966772218963743,0.4076494209438829,0.15798169875424548,1.3421017535967465e-06,0.6679999999999999,0.584,-0.08399999999999996,0.013425101118026384,0.4505347623750462,0.3949377579593788,-0.055597004415667395,0.035283019394738435,0.651370804641382,0.516316339813045,-0.13505446482833694,0.00010511899444886286,0.48637329360005643,0.4831796192262676,-0.003193674373788813,0.893856918468217,0.4387818717632788,0.5050015537942003,0.06621968203092149,0.009432740080682341,0.45330681142183255,0.6013175687224939,0.14801075730066132,1.1707786027816518e-07,0.5046433069384728,0.6913263564302323,0.1866830494917595,3.454947965306168e-10,0.54344793542532,0.7051983395781525,0.16175040415283248,1.5957427508592398e-09
7,imi_mug_abs3,0.6247443999207412,0.7196234529818453,0.09487905306110411,5.240901637755666e-06,0.31362768166038424,0.41771307993094664,0.1040853982705624,3.6543868723310666e-05,0.59,0.5799999999999998,-0.01000000000000012,0.7380067891463987,0.4835961413897249,0.39972892660979065,-0.08386721477993425,5.407103776277731e-05,0.5891491134870894,0.5182246822894817,-0.07092443119760772,0.023395701114964283,0.510915831568182,0.48403650921169655,-0.026879322356485436,0.14229829830239477,0.49206720149223565,0.5109635638623212,0.018896362370085573,0.2836528004298526,0.5173034876752493,0.6035862414845742,0.08628275380932493,3.244672839571173e-05,0.5851464740250719,0.701357067620318,0.1162105935952461,3.5080158651164784e-07,0.6247443999207412,0.7173345863487113,0.09259018642797012,6.453637989772295e-06
8,rbf,0.5278740142345615,0.7040138478494223,0.17613983361486085,7.372650300491387e-12,0.23114448483028432,0.3977081445799844,0.16656365974970005,1.4349755184561065e-08,0.51,0.5359999999999999,0.025999999999999912,0.4211144180234546,0.4132047657126025,0.3806128877198906,-0.032591877992711904,0.14789186976597832,0.45646363920570043,0.47175365075928083,0.015290011553580396,0.6190498240978632,0.4056776542834126,0.4503925052619329,0.04471485097852029,0.036057146942400926,0.38213818434569646,0.4806731112113527,0.09853492686565624,2.9785188184211543e-06,0.410830607939136,0.5838134900168058,0.17298288207766982,3.336889965125294e-11,0.4784148084105769,0.6849221995863803,0.20650739117580347,5.171424720448037e-13,0.5278740142345615,0.7014814700709066,0.17360745583634507,9.17190847890739e-12
9,MSIIP_PBH,0.5405792310737197,0.7073932989438733,0.16681406787015352,1.1339340803070319e-09,0.24924277984284815,0.40778890631290265,0.1585461264700545,1.3371180188538823e-06,0.6679999999999999,0.5880000000000001,-0.07999999999999985,0.017652000797310722,0.4457925995680727,0.39459139975112834,-0.051201199816944376,0.05694634027155313,0.651370804641382,0.5196088136280124,-0.1317619910133696,0.0001487397544329446,0.486176978214078,0.48382066075923263,-0.0023563174548453802,0.9218973171223647,0.43830686001098956,0.5044656858706946,0.06615882585970506,0.00922141610416042,0.4529956083980657,0.6012294478187181,0.14823383942065244,1.0976469404020816e-07,0.505597404436916,0.6914485593469619,0.1858511549100459,3.7177008119322033e-10,0.5405792310737197,0.705335638141757,0.1647564070680373,1.4512825756158796e-09
10,KL18AbsFuse,0.5102334239880186,0.6872148656189571,0.17698144163093843,4.0951175968122506e-11,0.22290626629172056,0.38433547820510483,0.16142921191338427,1.985153356976405e-08,0.5420000000000001,0.514,-0.028000000000000136,0.40314491469130653,0.38895627469136856,0.3699144472986577,-0.019041827392710875,0.3350005800308351,0.5154779865211789,0.4383615481320377,-0.07711643838914123,0.029251438379363344,0.4089007892967079,0.4397185873524043,0.0308177980556964,0.14654660600452224,0.3823889504177844,0.4718191123663656,0.08943016194858117,2.718525027298228e-05,0.40559756270840397,0.5717101095036421,0.16611254679523813,2.6051626165771175e-10,0.474440578552655,0.669590581645467,0.19515000309281205,2.059594397809832e-11,0.5102334239880186,0.6848684263746218,0.17463500238660312,4.4391450763505714e-11
11,UVAEXPBSTDIF,0.1878499913889385,0.6340216766592649,0.4461716852703264,8.122763857606206e-26,0.07464827915137881,0.34464644475347106,0.2699981656020922,7.992796112297035e-14,0.596,0.5,-0.09599999999999997,0.00022127957500282124,0.09816008059691539,0.33741644622031863,0.23925636562340324,7.433532230089143e-10,0.5592735659123139,0.45132896376255216,-0.10794460214976176,9.133078780413598e-06,0.2949292951193437,0.4275162406090528,0.13258694548970912,2.4586454941007487e-10,0.21816448963664267,0.4491059778957041,0.23094148825906144,5.928850331092053e-17,0.19144857522107617,0.5534186301291637,0.36197005490808754,5.317604199728069e-23,0.1878499913889385,0.6340216766592649,0.4461716852703264,8.122763857606206e-26,0.1878499913889385,0.6340216766592649,0.4461716852703264,8.122763857606206e-26
12,MSIIP_BASE,0.5607431472219618,0.7103498051728648,0.149606657950903,5.201835808401263e-09,0.26366311839786033,0.41145762605888186,0.14779450766102153,2.853571161353404e-06,0.6679999999999999,0.5760000000000001,-0.09199999999999986,0.0076224100523309265,0.4632309843667352,0.3987849551700522,-0.06444602919668302,0.010429535657011567,0.651370804641382,0.5095403911508259,-0.14183041349055603,6.472344943890124e-05,0.49549334174688675,0.48491850751986354,-0.010574834227023211,0.6438477233728757,0.45270749677424904,0.5054374260618245,0.05272992928757547,0.0283999039557109,0.46868442161050033,0.6046706920234437,0.13598627041294337,2.3675664939642116e-07,0.5259819313689528,0.694344283537848,0.16836235216889528,1.0936330648445111e-09,0.5607431472219618,0.7090572106910791,0.14831406346911724,5.493287368719865e-09
13,mayomedsimp,0.4276879386361489,0.6552638145202448,0.22757587588409595,3.446522872210727e-14,0.19916245920016784,0.37682134168109743,0.1776588824809296,4.742040601591981e-11,0.5640000000000001,0.564,-1.1102230246251565e-16,1.0,0.359049860656837,0.375648811080182,0.01659895042334497,0.40252100819932923,0.5282890878617946,0.49837854642032026,-0.02991054144147437,0.2816298747020797,0.4024236408576681,0.4608137505593259,0.05839010970165781,0.006382958353771128,0.3609674441613332,0.486920356235119,0.12595291207378578,4.528869755753226e-08,0.3642764792659432,0.5774171703204352,0.21314069105449196,9.217469937794116e-15,0.40464607244033796,0.6503919553597108,0.24574588291937288,1.7699623023002843e-15,0.4276879386361489,0.6550490438201058,0.22736110518395686,3.5771337619788034e-14
14,SIBTMlit1,0.6421962446123266,0.7284472563689905,0.08625101175666394,0.00013501613599057157,0.3199649521139637,0.4215435837253011,0.1015786316113374,0.00023016053516279923,0.5920000000000001,0.56,-0.03200000000000003,0.27618145704682534,0.4964893237528555,0.4009540140629849,-0.09553530968987056,0.00041654815515028556,0.5782210417565907,0.5063407127653542,-0.07188032899123653,0.009854021692625902,0.5012979429915992,0.4804163149680594,-0.020881628023539822,0.30396183940156096,0.4837110509808297,0.5100145757334817,0.02630352475265202,0.21462389964626152,0.5193876417378007,0.6153027241003681,0.0959150823625674,2.7592840729541723e-05,0.5963299608046783,0.7088417452860581,0.11251178448137988,1.105757611523618e-05,0.6421962446123266,0.7261823868687435,0.08398614225641687,0.00017256004637551374
15,UNTIIA_DGES,0.253910270188941,0.6447809129114593,0.3908706427225183,3.5091558422010536e-25,0.05895669630621134,0.3331704365456573,0.274213740239446,7.873410041432996e-15,0.34,0.39799999999999996,0.05799999999999994,0.055497403389474065,0.2089257587401321,0.3253509749042827,0.11642521616415061,6.715920675038969e-05,0.2750745928525358,0.3218043934736298,0.046729800621094,0.023125116797576693,0.17540357801303993,0.36379715763765935,0.18839357962461942,2.1202558116541114e-13,0.15432536853863593,0.4016396563850089,0.247314287846373,1.4094488337205384e-17,0.16563991249863017,0.5138056798559323,0.3481657673573021,4.275957398309736e-22,0.20259808469508503,0.6235252334246121,0.4209271487295271,8.276840870657783e-26,0.253910270188941,0.6418634844658585,0.3879532142769175,4.269722905103443e-25
16,UDInfoPMSA4,0.3090137839811542,0.6406455273060039,0.3316317433248497,6.967491266214683e-17,0.10936821230584842,0.3438421995489469,0.23447398724309848,6.267960825020676e-13,0.41,0.47600000000000003,0.06600000000000006,0.06314969206216889,0.23852517778997703,0.3394832085993153,0.10095803080933827,9.340431311667103e-05,0.3659478264468325,0.4117276883132384,0.045779861866405924,0.19165284955957415,0.24923874525227363,0.3963908399823293,0.1471520947300557,2.911479412088506e-08,0.2317149252250049,0.43297440938497866,0.20125948415997377,1.11483268574315e-12,0.2398297910638009,0.535798006397595,0.29596821533379414,1.37313231607335e-19,0.28024554850935307,0.6321278982241153,0.35188234971476223,2.8200718227184813e-18,0.3090137839811542,0.6387770782073419,0.32976329422618766,9.742461630535545e-17
17,cbnuSA2,0.4935136653328211,0.6610967226779452,0.16758305734512408,5.120173487604563e-12,0.20433493978287298,0.37577673422269514,0.17144179443982216,8.151657227517363e-10,0.544,0.5379999999999999,-0.006000000000000116,0.8387787274931181,0.3816705245513844,0.3734915801374393,-0.008178944413945066,0.6651039486978634,0.5148199324168996,0.4711767637251013,-0.043643168691798295,0.16823397139086688,0.4084953727684193,0.45661205857768195,0.04811668580926265,0.014163138443550645,0.38486961920559365,0.482212290256986,0.09734267105139233,6.917743335510202e-07,0.3936189553789206,0.5760679167000737,0.18244896132115312,7.093954271550342e-14,0.45219948626105605,0.6543916376177731,0.20219215135671703,1.637908600922939e-13,0.4935136653328211,0.6603153752305788,0.16680170989775772,5.677667805533944e-12
18,UTDHLTRI_RF,0.4972675297846363,0.6890931554128278,0.1918256256281915,1.4561568752412262e-09,0.18539205741337367,0.3784040270355991,0.19301196962222544,1.6924230270677929e-09,0.532,0.5139999999999999,-0.018000000000000127,0.5607495732251858,0.38054926031718017,0.36910766742007195,-0.011441592897108221,0.6574515346432366,0.49004342472583245,0.4434561111203997,-0.04658731360543278,0.11354019514174626,0.34877737686706056,0.4320748751876037,0.08329749832054312,0.00038012316087417727,0.3139333444540542,0.4614310048848656,0.14749766043081142,4.419256785747926e-08,0.338234722245344,0.5674572284299044,0.22922250618456042,1.0460218986705995e-12,0.4200109482685659,0.6622278525787894,0.24221690431022347,4.384766262205162e-11,0.4972675297846363,0.6829563913378764,0.18568886155324016,2.8674981672327485e-09
19,SIBTMlit3,0.6400312786307797,0.7273796025870822,0.08734832395630254,0.00013916842545195704,0.32105400572824755,0.4215787900700083,0.10052478434176076,0.00035799412024661094,0.622,0.574,-0.04800000000000004,0.10300003741125195,0.502448119557996,0.40206150375822974,-0.10038661579976621,0.00021128046307898268,0.6024024015362603,0.5063531519554085,-0.09604924958085181,0.0008796456906590682,0.5091869610830717,0.4796512314258963,-0.029535729657175436,0.15968905836346148,0.48654606538687317,0.5105153632720182,0.023969297885145013,0.2644063963922381,0.5188872887141212,0.611004043657096,0.09211675494297489,0.00012934956672165578,0.5950783265253696,0.7068837599929823,0.11180543346761262,1.2229531137157645e-05,0.6400312786307797,0.7246925659827811,0.0846612873520014,0.00019252405469216065
20,minfolabBC,0.25209750678985804,0.6512655698235416,0.3991680630336835,1.6441811518543306e-22,0.09828245019775798,0.3530041274002468,0.2547216772024888,5.476633300194629e-13,0.474,0.452,-0.021999999999999964,0.4544594733950891,0.1595544863769597,0.34563662546785834,0.18608213909089863,4.508542332518393e-07,0.456221537055709,0.3795095639985476,-0.07671197305716138,0.0031437509222616298,0.3754322995067174,0.4017224754645292,0.0262901759578118,0.12329633613907783,0.29020768910655764,0.43636851181123437,0.14616082270467673,1.8258466782739397e-11,0.25667754499204937,0.542941702688843,0.28626415769679364,1.0543220974515438e-19,0.25209750678985804,0.6512655698235416,0.3991680630336835,1.6441811518543306e-22,0.25209750678985804,0.6512655698235416,0.3991680630336835,1.6441811518543306e-22
21,MedIER_sa15,0.6127810022073921,0.7277719491282444,0.11499094692085232,8.799362140725669e-08,0.30016261673245187,0.42002106811316314,0.11985845138071127,2.279164704066332e-05,0.602,0.568,-0.03400000000000003,0.2568896949163284,0.4774932687334612,0.39716463576583116,-0.08032863296763004,0.0008333793730853986,0.568224876530782,0.5063661137249413,-0.061858762805840684,0.03861480963099173,0.4937087163391559,0.47943807061393734,-0.014270645725218578,0.4683731799276645,0.48103417905410967,0.49873129100406144,0.01769711194995177,0.3701725242506977,0.5088401847467867,0.6101888401635918,0.10134865541680504,2.7232447184583785e-06,0.580102316795901,0.711994593083039,0.13189227628713807,1.5751562186819675e-08,0.6127810022073921,0.7258810665585829,0.1131000643511908,1.0260257524755248e-07
22,cubicmnzAbs,0.4170404997907823,0.6475497805178293,0.23050928072704702,2.534370660055877e-14,0.16096508664882112,0.35720845629481424,0.19624336964599312,4.8189562772558635e-11,0.482,0.5000000000000001,0.018000000000000127,0.6089204301844107,0.31990807857284426,0.3540034245043071,0.03409534593146285,0.10782637790060698,0.4627511877527784,0.4298774385233131,-0.03287374922946529,0.2777820705743221,0.36110131189083106,0.4248488426367149,0.06374753074588385,0.004771757974964114,0.33045933024314195,0.4607794929107072,0.13032016266756524,1.384436248620251e-08,0.3313073191714517,0.5615888631916333,0.23028154402018158,5.0086496962540434e-15,0.37045214054350567,0.6406867711896971,0.2702346306461914,4.635603189250033e-16,0.4170404997907823,0.6468280033895292,0.2297875035987469,2.724463427203159e-14
23,PM_IBI_run2,0.3479021818062412,0.6586948251548587,0.31079264334861745,7.517939708508993e-18,0.14458536450898488,0.35995310659501767,0.2153677420860328,1.5383167866093727e-11,0.48800000000000004,0.504,0.01599999999999996,0.6582755176777665,0.2576055139891802,0.35151744028779675,0.09391192629861655,0.0020530402939155108,0.4576037777808288,0.4501346557902935,-0.007469121990535288,0.8211720130604035,0.35579639723686385,0.4253541370033739,0.06955773976651003,0.002878683547226631,0.32586292827755564,0.45608229303739534,0.1302193647598397,1.0999999901881585e-07,0.3182810421350546,0.5561546031338893,0.23787356099883472,2.1244413794788845e-16,0.3414070740253354,0.6508736633541264,0.30946658932879106,4.291160009529367e-18,0.3479021818062412,0.6586619390155508,0.3107597572093096,7.551553594626347e-18
24,IKMLAB_5,0.12139005317333262,0.6233905148059485,0.5020004616326159,1.3875708111295922e-23,0.02451552318361911,0.3171406295685013,0.2926251063848822,5.11680495745963e-15,0.15200000000000002,0.396,0.244,5.6793064654065076e-08,0.10782841008959837,0.31499359125620985,0.20716518116661148,1.2962971846741558e-07,0.101092084820135,0.30234737761474706,0.20125529279461207,3.696834169138147e-07,0.06481666998363733,0.3582050736460103,0.29338840366237295,2.1200556292982637e-16,0.06012213565743519,0.3966373162708016,0.33651518061336644,9.985472409894439e-19,0.06749687877958373,0.4923866166906033,0.4248897379110196,8.775399006672196e-22,0.08850567183103383,0.6051988041777369,0.516693132346703,7.741649404196855e-26,0.12139005317333262,0.6202812561106206,0.49889120293728795,1.4405979289379934e-23
25,method_fu,0.531669452483129,0.7032706291262287,0.1716011766430997,5.1122534061822115e-12,0.224490894653925,0.3942255592248577,0.1697346645709327,8.578283511396162e-09,0.498,0.524,0.026000000000000023,0.40784730566492755,0.4078363086457315,0.37751687289767816,-0.030319435748053347,0.19203683368107688,0.4576861954564505,0.465781812789159,0.008095617332708471,0.7770485909296414,0.39841202068765597,0.4480422648617205,0.04963024417406453,0.017187447240047293,0.38181574916317396,0.4791728468079637,0.09735709764478973,4.638314376727505e-06,0.4105588812141384,0.5831352671481941,0.17257638593405566,2.2503698218441115e-11,0.4820600989773812,0.684535981399932,0.20247588242255077,1.3426568647519244e-12,0.531669452483129,0.7008969750934511,0.16922752261032203,5.550886492113457e-12
26,hpipubnone,0.658219722126419,0.7272181595247494,0.06899843739833045,9.861811240377342e-05,0.3266082853458719,0.4288156313386369,0.10220734599276504,0.00013989255604933526,0.7099999999999999,0.574,-0.1359999999999999,4.3384051048113713e-07,0.529187326907794,0.41308521390476144,-0.11610211300303258,1.0122385380444477e-06,0.6505548324936078,0.5039266411531137,-0.1466281913404941,6.051669611290972e-08,0.5135578328609154,0.48868552652438313,-0.024872306336532257,0.10009341099062662,0.4875551426790246,0.5142359719539789,0.026680829274954243,0.12890615570738798,0.5209418500462378,0.6145954763261189,0.09365362627988105,3.0299763099048605e-06,0.6102708910840727,0.7065285347081653,0.09625764362409261,3.0002760022180355e-06,0.658219722126419,0.7243603612410974,0.06614063911467838,0.00015644871753071174
27,PM_IBI_run3,0.296439319910349,0.6438226702754426,0.3473833503650936,6.702794797797873e-20,0.1053067806048838,0.3442553664089614,0.23894858580407763,2.103045335737667e-13,0.19,0.4819999999999999,0.29199999999999987,4.273033748428328e-09,0.23699318526164068,0.33715256100227736,0.10015937574063669,0.0006856367991306606,0.1882285017218869,0.4005960674348512,0.2123675657129643,4.7202935961150064e-07,0.2505860847524906,0.39874179642627355,0.14815571167378294,3.970548529086035e-08,0.263157245898221,0.4319903373384998,0.1688330914402788,5.261884428928559e-11,0.2689211441956465,0.537376640458613,0.2684554962629665,5.7896249722811185e-18,0.2918213739081196,0.6365498220037407,0.3447284480956211,5.646349223684916e-20,0.296439319910349,0.6437898045908768,0.34735048468052776,6.723508719782636e-20
28,RSA_DSC_LA_3,0.5438509441176124,0.7091254554864763,0.16527451136886395,1.0511594307950322e-08,0.24086135437547576,0.39991726518842,0.15905591081294426,4.170393770226587e-07,0.5479999999999999,0.5660000000000001,0.018000000000000127,0.6124512919610736,0.45217312302614837,0.38777992123399385,-0.06439320179215452,0.014290481816428583,0.5132833156838713,0.491993279796798,-0.02129003588707329,0.50201985907645,0.40052147426457635,0.45640332646761067,0.05588185220303432,0.014042934914449494,0.37993880851633705,0.4918702141996106,0.11193140568327353,7.453664892941862e-06,0.4176201092186988,0.5891929641992814,0.17157285498058256,2.1716166704394247e-09,0.4963810150186194,0.682521414988369,0.18614039996974963,1.936786929508069e-09,0.5438509441176124,0.7032850891078517,0.15943414499023933,1.507254575974866e-08
29,ECNU_S_Run3,0.013357249766142214,0.5809981604380774,0.5676409106719352,1.4913155082713669e-30,0.0010763769257528559,0.28509985222071105,0.2840234752949582,1.082439794924574e-15,0.016,0.37799999999999995,0.36199999999999993,2.484222746181638e-11,0.009987794905652074,0.2854085601755561,0.27542076526990406,7.533199830820815e-13,0.011826875836425272,0.2763345263071979,0.2645076504707726,1.0864170880397044e-10,0.005241177548890824,0.3326063167631309,0.3273651392142401,1.2665974619607038e-16,0.0044576380817826,0.3674279487427102,0.36297031066092755,1.4435448870179863e-20,0.005527533516415141,0.4635956069373954,0.4580680734209802,3.1171394290731186e-26,0.009330188716086617,0.5751476923390713,0.5658175036229847,7.431495519397331e-31,0.013357249766142214,0.5803555881683802,0.566998338402238,1.697335097542024e-30
30,PM_IBI_run1,0.36646273992731926,0.664433039987929,0.29797030006060976,1.1771791080565284e-16,0.17181222431340606,0.36974020503595156,0.1979279807225455,3.710361704523147e-10,0.546,0.528,-0.018000000000000016,0.6028156967116663,0.2709668171567022,0.3606119804677722,0.08964516331107003,0.0037360869859175165,0.5125507005000676,0.47008229846214655,-0.042468402037921016,0.20149785890077232,0.40577502429980883,0.44085521316257115,0.03508018886276232,0.15415382395862498,0.3580976689433182,0.4684640608468634,0.11036639190354519,3.160272815831516e-06,0.34643122766959245,0.5658472714865788,0.21941604381698632,1.2108956283801216e-14,0.3621128431863611,0.6582504135752254,0.2961375703888643,6.464606868913863e-17,0.36646273992731926,0.6644001538486211,0.2979374139213018,1.1815015544064614e-16
31,KL18absHY,0.5272285998833351,0.6952090519639019,0.16798045208056678,5.684510123776456e-11,0.2298784430154993,0.3886342410162403,0.15875579800074097,1.9678478570539274e-08,0.534,0.506,-0.028000000000000025,0.3943132955972445,0.4003137944246694,0.3709972313009638,-0.02931656312370562,0.13970980235174496,0.5195634487694267,0.4422301220998076,-0.07733332666961912,0.012394668893527385,0.4260283443148517,0.4406224065222832,0.01459406220743148,0.4393917745853394,0.39450128380947946,0.4739973348130723,0.07949605100359286,7.18745609300921e-05,0.41823257073137987,0.579153070256452,0.16092049952507215,1.915586563037894e-10,0.48368967976296984,0.6764467164029375,0.19275703663996768,1.030119385003471e-11,0.5272285998833351,0.6926048077186906,0.16537620783535545,7.837953490740588e-11
32,SINAI_FU,0.5693076412241908,0.7097645143679452,0.14045687314375443,4.265321236291445e-09,0.24359364166030598,0.39886219660438926,0.1552685549440833,1.6202446973226068e-08,0.4860000000000001,0.5379999999999999,0.051999999999999824,0.11856355717041556,0.4267566811364302,0.38045429120574037,-0.04630238993068986,0.024660962429728824,0.46621876515807664,0.4796671580780009,0.013448392919924279,0.6828654710691072,0.4152114168677592,0.4644146135550251,0.049203196687265915,0.01330252864952041,0.4134230014168048,0.48867174828245125,0.07524874686564642,0.00012849070456203405,0.44448227371931465,0.5894750076702341,0.14499273395091944,2.274272744198662e-09,0.5285711599735676,0.691693602484465,0.16312244251089736,4.5022876284018265e-10,0.5693076412241908,0.7082470321195651,0.13893939089537433,4.62166042229827e-09
33,mayomedcreat,0.29636724629634725,0.619208596848479,0.3228413505521317,1.6977877958726015e-21,0.07855111207508368,0.3275876619152246,0.2490365498401409,3.487063327486588e-16,0.306,0.4139999999999999,0.10799999999999993,5.859141828286298e-05,0.24649713274606025,0.3301218073484125,0.08362467460235226,3.1881036322595426e-05,0.2631045233828494,0.3509006788278488,0.08779615544499941,0.001308782746412437,0.20156431991140716,0.37588108130261516,0.174316761391208,1.0972794319433853e-15,0.1835056824721625,0.4185636490418141,0.23505796656965158,1.0173923195896524e-20,0.2013767324617692,0.5238473181246216,0.32247058566285236,7.077375356961901e-26,0.25146070623926825,0.6124709901568017,0.3610102839175335,3.84096746887275e-24,0.29636724629634725,0.6186377968304971,0.3222705505341499,1.699716252478868e-21
34,elastic_run,0.3049579116479231,0.6305435963956557,0.32558568474773264,1.016517208552625e-17,0.10443393290977837,0.337899311817428,0.23346537890764962,2.095978176704443e-13,0.38199999999999995,0.4439999999999999,0.061999999999999944,0.14427625064292798,0.2401620170797986,0.3414204144303728,0.10125839735057421,0.00015120721416210793,0.3745942113932151,0.396164154950216,0.021569943557000926,0.5445830510337895,0.2556202230374718,0.39957955632056996,0.14395933328309818,4.069848391365465e-08,0.22593198843388965,0.4403898165740233,0.21445782814013367,1.452721154568228e-13,0.23191657931796272,0.5351231882533949,0.30320660893543216,1.956216411556409e-18,0.27558663218418894,0.6244144316634476,0.3488277994792586,2.235894030599584e-19,0.3049579116479231,0.6298276914361598,0.3248697797882367,1.1174475580097584e-17
35,UDInfoPMSA1,0.6038966453535373,0.7156611301837792,0.11176448483024193,6.686504778608875e-06,0.2830737897645406,0.4060681874077726,0.122994397643232,1.3402946625988554e-05,0.5740000000000001,0.5579999999999999,-0.016000000000000125,0.5584906635420144,0.45084806784258386,0.38784641212556253,-0.06300165571702132,0.008165831646068197,0.5604778729876819,0.49580724512313956,-0.06467062786454236,0.028620639576416522,0.47079489329893504,0.4698921389281781,-0.0009027543707569308,0.9656471736494079,0.4577389508910325,0.4950471825991753,0.03730823170814279,0.07562782937042987,0.48568273376590737,0.5992287629147615,0.11354602914885409,7.178195402464572e-06,0.5622857928708725,0.696401719743443,0.13411592687257046,1.2300498977410896e-06,0.6038966453535373,0.7135573001548912,0.1096606548013539,8.738973549338702e-06
36,IKMLAB_3,0.5488139266042672,0.7090057222568601,0.1601917956525929,1.3914444212439805e-11,0.2422650489318375,0.40770079797736175,0.16543574904552424,1.3384333694409667e-07,0.5980000000000001,0.5579999999999999,-0.04000000000000015,0.22182213523375865,0.4502997142993576,0.3925660205480694,-0.05773369375128823,0.01186646365203801,0.5011529542121878,0.47195413738154895,-0.029198816830638796,0.30586628984731523,0.40670920786448184,0.45235398859554443,0.045644780731062595,0.02571540675847963,0.38720868849521106,0.4829055115815941,0.09569682308638305,2.917011739214571e-05,0.4275325797534471,0.5926189449820467,0.1650863652285996,5.167783923474002e-10,0.5053795403856516,0.6943148932720946,0.18893535288644303,2.0542614337687736e-11,0.5488139266042672,0.7069715699011851,0.15815764329691795,1.3849104235674788e-11
37,raw_medline,0.5790526724523188,0.7161162569730192,0.13706358452070033,3.6392035479495267e-09,0.25455233848922565,0.40221881602478626,0.14766647753556061,5.7065784268164226e-08,0.524,0.544,0.020000000000000018,0.5257926448097877,0.43136752127826994,0.3810311194395258,-0.05033640183874416,0.016926853062579874,0.4931241115522758,0.48376633069100544,-0.00935778086127037,0.7629632316833936,0.4320998317935718,0.45641263992801984,0.024312808134448027,0.2016454245706663,0.4278542562208236,0.4869856106483869,0.05913135442756329,0.001785820051634451,0.46013161423124993,0.5931452001872571,0.1330135859560072,3.4248555151733933e-09,0.5358380629042091,0.697063039571203,0.16122497666699387,4.271870392575048e-10,0.5790526724523188,0.7135877383861446,0.1345350659338258,4.337806343076429e-09
38,UCASSA2,0.6375781246652985,0.7253930862236913,0.08781496155839275,2.9077906317806623e-06,0.319507179098767,0.41954865042418055,0.10004147132541352,0.00010255437531955198,0.568,0.5660000000000001,-0.0019999999999998908,0.952465715159604,0.4851692209254573,0.39822780272416547,-0.08694141820129181,7.115356359061424e-05,0.5402112698644972,0.5103317596617931,-0.029879510202704074,0.3693533979719027,0.5076462343034792,0.47794605368725085,-0.029700180616228367,0.11873443619019636,0.4910160188960123,0.5044525672472487,0.013436548351236421,0.44829744302378405,0.522023235842807,0.6111256393292817,0.08910240348647469,1.0401358820011514e-05,0.5967662748878828,0.7082217146414055,0.11145543975352268,4.03760120800554e-07,0.6375781246652985,0.7231863654415502,0.08560824077625173,3.7578021398644836e-06
39,mnzAbs,0.4170404997907823,0.6475497805178293,0.23050928072704702,2.534370660055877e-14,0.16096508664882112,0.35720845629481424,0.19624336964599312,4.8189562772558635e-11,0.482,0.5000000000000001,0.018000000000000127,0.6089204301844107,0.31990807857284426,0.3540034245043071,0.03409534593146285,0.10782637790060698,0.4627511877527784,0.4298774385233131,-0.03287374922946529,0.2777820705743221,0.36110131189083106,0.4248488426367149,0.06374753074588385,0.004771757974964114,0.33045933024314195,0.4607794929107072,0.13032016266756524,1.384436248620251e-08,0.3313073191714517,0.5615888631916333,0.23028154402018158,5.0086496962540434e-15,0.37045214054350567,0.6406867711896971,0.2702346306461914,4.635603189250033e-16,0.4170404997907823,0.6468280033895292,0.2297875035987469,2.724463427203159e-14
40,ECNU_S_Run5,0.012538639154673757,0.5845900017390341,0.5720513625843603,1.4325480210075614e-30,0.0006704558618662207,0.2870286317140199,0.2863581758521537,7.858969146574327e-16,0.006000000000000001,0.37999999999999995,0.37399999999999994,1.7059277286902458e-11,0.009602496067620037,0.28429914271399265,0.2746966466463726,5.965335432272105e-13,0.004323181322709947,0.29137677696067915,0.2870535956379692,4.092292328781786e-11,0.0026678563545914145,0.3365152191816286,0.33384736282703714,1.1155036392579247e-16,0.003240244045964671,0.373323009214512,0.3700827651685473,1.0593397329342362e-20,0.0036526578976312984,0.46730330767454803,0.4636506497769167,2.791924514139144e-26,0.0074664832682897544,0.5795385293998102,0.5720720461315204,6.187969810136669e-31,0.012538639154673757,0.5843753098632848,0.571836670708611,1.4809961136484862e-30
41,UVAEXPBSTNEG,0.19462866922909763,0.6358330825818139,0.4412044133527163,1.0149100550475425e-25,0.07853773862093341,0.3471567583718626,0.26861901975092917,9.612735712708961e-14,0.6240000000000001,0.508,-0.1160000000000001,4.1769927604941006e-05,0.10225422600967471,0.339130523757422,0.23687629774774727,9.519458442709966e-10,0.5827136451470056,0.45814520864228897,-0.12456843650471666,4.46898813249967e-06,0.3055632124169698,0.43147187140269233,0.1259086589857225,1.3900505564984185e-09,0.2255789889128984,0.45184373336917616,0.22626474445627776,1.2668881390122738e-16,0.19820808723748976,0.5559329927272221,0.35772490548973235,6.81871252437998e-23,0.19462866922909763,0.6358330825818139,0.4412044133527163,1.0149100550475425e-25,0.19462866922909763,0.6358330825818139,0.4412044133527163,1.0149100550475425e-25
42,IKMLAB_4,0.5320946729076078,0.6974347108912831,0.16534003798367525,7.691149595812736e-13,0.22429630079132898,0.3973302410660319,0.1730339402747029,1.3859391519221731e-08,0.51,0.53,0.020000000000000018,0.5076327017027633,0.4398909614219337,0.38759682473937773,-0.05229413668255595,0.0180973661031533,0.4091489755209396,0.4316496688904474,0.02250069336950783,0.47826270529924164,0.3622327978716647,0.43914064112342394,0.07690784325175926,0.000583303062818796,0.3587323230568119,0.4717940750883496,0.11306175203153768,2.4123647403741865e-06,0.4022910421880298,0.577586937951771,0.17529589576374116,9.538842428353588e-11,0.48371705567912854,0.6794029560171049,0.19568590033797634,1.5523159418277188e-12,0.5320946729076078,0.6948273855689794,0.16273271266137157,8.086939059715663e-13
43,MSIIP_PBAH,0.5353618039012993,0.7063692037482765,0.17100739984697721,5.140554832452343e-10,0.2446765538123372,0.40700222823914084,0.16232567442680365,8.321802131159177e-07,0.66,0.586,-0.07400000000000007,0.02686669277634605,0.445769794899628,0.3938723095227396,-0.051897485376888375,0.054393069457518754,0.6418307922893696,0.5135106891365504,-0.12832010315281916,7.768808639267727e-05,0.4756490014634551,0.4826296240959547,0.0069806226324996,0.7717342056066194,0.4303178114371365,0.5026456725212105,0.07232786108407402,0.0048277104534526155,0.44634607229895645,0.5989986093311019,0.15265253703214549,4.9545533096726265e-08,0.5001720293775646,0.6901135972202113,0.1899415678426467,1.8457929959603656e-10,0.5353618039012993,0.7043115096095246,0.16894970570822532,6.508854340486655e-10
44,aCSIROmedAll,0.3887896634253927,0.6890114071107023,0.3002217436853096,2.1082882672652387e-19,0.1437313559710359,0.3642794222713041,0.22054806630026821,4.903235952163324e-12,0.524,0.51,-0.014000000000000012,0.6816705061055985,0.2917160484500587,0.352661756338414,0.060945707888355294,0.00857527040794049,0.5166810030635193,0.4526102936893765,-0.06407070937414278,0.02863250210445299,0.36888787553245966,0.4311044556310977,0.062216580098638063,0.0008624352563196915,0.31979909299056003,0.4566575430665474,0.13685845007598735,1.327695462755374e-10,0.31286575881934287,0.5543072449142269,0.24144148609488403,1.4317519239068968e-17,0.3421684902788581,0.6389439446581728,0.29677545437931474,2.0008185721139195e-19,0.3887896634253927,0.6842883115549355,0.29549864812954285,1.7524937887849669e-19
45,aCSIROmedNEG,0.3563993005889594,0.6751830126797097,0.3187837120907503,9.386889872006804e-22,0.12064091326113052,0.3548573011099009,0.23421638784877036,3.809856177249583e-13,0.48399999999999993,0.508,0.024000000000000077,0.30824890683399875,0.2812450048663445,0.34190655235573286,0.060661547489388346,0.003485763219893215,0.40450683943724436,0.42622362786004475,0.021716788422800393,0.29375298164850194,0.2806629008137762,0.40045542269826717,0.11979252188449097,9.460299012151334e-08,0.2591597887831796,0.43705647033669165,0.17789668155351207,3.5929046324716436e-13,0.2741536210900177,0.5448639789905736,0.2707103579005559,2.4097874741451515e-19,0.32196243558356896,0.6464866335110376,0.32452419792746867,7.877489970355056e-21,0.3563993005889594,0.6683687249907989,0.3119694244018395,1.529949196975171e-21
46,SINAI_FUO,0.38440040961303873,0.6530398537697509,0.2686394441567122,4.269338044987193e-22,0.05924020048347249,0.32241736067142557,0.26317716018795306,1.5758825569841012e-15,0.11,0.38,0.27,5.805325927791793e-13,0.2900840928908938,0.31436407092053253,0.024279978029638716,0.13062247629852797,0.09279381344652769,0.314754160664123,0.22196034721759528,1.547778854975954e-10,0.0676825988245831,0.3577897905290061,0.290107191704423,1.4632636957846385e-17,0.06514290375363171,0.39182251502502546,0.3266796112713938,1.0571400707904386e-20,0.0839230738798761,0.5038052003705707,0.4198821264906947,5.90626344499351e-25,0.18532315394003207,0.6065080409315361,0.421184886991504,1.944927718271797e-25,0.38440040961303873,0.6420793489082048,0.2576789392951661,1.984111803023197e-21
47,KLPM18T2Bl,0.4826326907702908,0.6806157875499187,0.1979830967796279,1.0512680018148276e-10,0.21440092582142864,0.3811489984452504,0.16674807262382177,2.2582299193957847e-09,0.5,0.518,0.018000000000000016,0.5896998933009223,0.3774873405769327,0.36777210809713895,-0.009715232479793723,0.6377561857503422,0.48463131498500595,0.44310543493834564,-0.0415258800466603,0.19994838741831644,0.39908938649882947,0.43867685059022904,0.03958746409139957,0.07606469380949693,0.3692486148804441,0.47231921934852467,0.10307060446808058,8.411682286886033e-06,0.3812547189731877,0.5689535725388346,0.18769885356564692,3.279181371978836e-11,0.4428392241569452,0.664447020845691,0.22160779668874575,1.3014314751522148e-11,0.4826326907702908,0.6781910009940184,0.1955583102237276,1.4422306157813638e-10
48,MSIIP_PBPK,0.5741221470328469,0.710246802871551,0.13612465583870403,2.87963862320436e-08,0.2700975749218244,0.4106155685606366,0.14051799363881218,4.157777710903462e-06,0.6359999999999999,0.5599999999999999,-0.07599999999999996,0.014259698041424228,0.46817598876500766,0.39670843771671804,-0.07146755104828961,0.0049842966468305605,0.6198060888597079,0.49680740101050136,-0.12299868784920653,0.00029078344806916524,0.4921658573852761,0.47942094827320125,-0.01274490911207482,0.5721136777508524,0.4519729491484474,0.5051978821770753,0.05322493302862791,0.022777711243832165,0.4748179235205318,0.6032042532537812,0.12838632973324943,5.597445727146843e-07,0.5377621244393144,0.6932499729729266,0.1554878485336122,4.18548217557897e-09,0.5741221470328469,0.7083881657362983,0.13426601870345134,3.3824755800015794e-08
49,UTDHLTRI_SF,0.472780186099546,0.6843940921770846,0.2116139060775386,4.406377635844969e-11,0.17032416623316415,0.37385164465873927,0.20352747842557511,1.6534241751666186e-10,0.54,0.5,-0.040000000000000036,0.1636220181183844,0.3648467796263985,0.3662416107707515,0.0013948311443530148,0.9571140121419044,0.5081406074463062,0.432959144529925,-0.07518146291638117,0.010064928742114988,0.3325917087420086,0.432490651383655,0.0998989426416464,1.3338942335741069e-05,0.3010090346697006,0.4587957773788636,0.15778674270916304,1.2923092349554425e-09,0.3218173846010194,0.5613824862417313,0.23956510164071187,1.7853206456896364e-14,0.3960700245230151,0.6575848264723397,0.26151480194932464,2.543677118644042e-13,0.472780186099546,0.6786885507518612,0.2059083646523152,9.724092658016485e-11
50,RSA_DSC_LA_2,0.572494988151878,0.7148947472134072,0.14239975906152913,5.8548837059402e-08,0.2488079360710068,0.4012425667455101,0.15243463067450333,2.5052991310620746e-07,0.584,0.5720000000000001,-0.0119999999999999,0.7293130273093904,0.45678392314216537,0.38616474810824775,-0.07061917503391762,0.005294994174951771,0.5688551315780536,0.5154546197784279,-0.05340051179962568,0.10119041321691187,0.4335079535885901,0.46521384073176525,0.03170588714317513,0.136071011031834,0.41013907489720147,0.4967697573611968,0.0866306824639953,8.04635435698333e-05,0.4482945957979997,0.5966335897281426,0.14833899393014294,1.2095643063469097e-08,0.5252062275776647,0.6911787073698088,0.16597247979214413,5.315122737418151e-09,0.572494988151878,0.7118469309168003,0.13935194276492224,7.83157268218335e-08
51,UNTIIA_DGS,0.2530593069374558,0.6434578470809424,0.3903985401434866,6.461152610713053e-25,0.06194387081275961,0.33265963196261644,0.27071576114985685,1.8465308481228564e-14,0.312,0.386,0.07400000000000001,0.013797325576916122,0.20951970007998766,0.3249110845878821,0.11539138450789443,6.51817966446368e-05,0.2529593204154374,0.3079788578357478,0.055019537420310405,0.007153369919259247,0.17370081829902037,0.35673339393118353,0.18303257563216316,8.772320963750145e-12,0.15724065209895474,0.3981885325589517,0.24094788045999696,2.1288245737225228e-16,0.1706306438371651,0.5128369599388123,0.3422063161016472,2.4644213041198347e-21,0.20895449657813903,0.6251881389023026,0.4162336423241636,6.021768007578827e-25,0.2530593069374558,0.6395659737042311,0.38650666676677525,1.0136881427146519e-24
52,SIBTMlit4,0.6449310954656596,0.7283320214094569,0.08340092594379722,0.0003035356090963147,0.32189987141723103,0.4218707019812016,0.09997083056397055,0.0004124843584239454,0.63,0.564,-0.06600000000000006,0.034340737309095454,0.502664719432775,0.40365197056705054,-0.09901274886572448,0.0002695195384193432,0.6095854311289985,0.5008093128906147,-0.10877611823838385,0.00024179623502486552,0.506126414578103,0.47869856175727177,-0.027427852820831267,0.20166717111883492,0.4883471296991303,0.5102822871812577,0.021935157482127376,0.3040100252496283,0.5201656291439389,0.6128280163451048,0.09266238720116582,0.00013244713466847806,0.59851085928207,0.7067164254723002,0.10820556619023014,2.835454302745138e-05,0.6449310954656596,0.7249944362511238,0.08006334078546418,0.00048009959485824036
53,UTDHLTRI_SS,0.4379287792552569,0.6743745862522662,0.2364458069970093,5.699711423500124e-13,0.15425895791911923,0.3665853034397857,0.21232634552066645,7.283765891348231e-12,0.49800000000000005,0.512,0.013999999999999957,0.6618609021249919,0.34220446987891384,0.3587766195563988,0.016572149677484938,0.4360714966140401,0.45916328137346696,0.4393932961266369,-0.019769985246830046,0.5339238637875401,0.319646697998954,0.4222364216243452,0.1025897236253912,3.124509241054003e-05,0.28568538576087554,0.45107895496972816,0.16539356920885262,2.6092785221011e-10,0.2954019014181699,0.553649992526831,0.2582480911086611,1.1459518226672447e-15,0.3569674558980577,0.6508707133525271,0.29390325745446944,3.4549209492635498e-15,0.4379287792552569,0.6697333921991134,0.23180461294385651,1.041229372626248e-12
54,imi_mug_abs5,0.6222996591376372,0.7196465119022548,0.09734685276461763,2.021128024310545e-06,0.3150401797215227,0.4185591736660052,0.1035189939444825,3.925683870991363e-05,0.604,0.5819999999999999,-0.02200000000000013,0.45010742592008635,0.4812975854742356,0.39990340088851367,-0.08139418458572195,6.791772741520939e-05,0.5990217015014241,0.5201735903807265,-0.07884811112069756,0.011634767511060249,0.5192018172110303,0.4868528469014662,-0.03234897030956413,0.08402972049874999,0.4958291966895771,0.5119821341474629,0.016152937457885763,0.35988438283263635,0.5195399732222197,0.6039110600984557,0.08437108687623607,3.9366387044502184e-05,0.5848806237521009,0.7022070547888766,0.11732643103677565,2.333978492936918e-07,0.6222996591376372,0.7172656383705927,0.09496597923295547,2.5630870974847122e-06
55,MedIER_sa13,0.6308623244269462,0.7325262986918092,0.10166397426486296,1.1707379867554196e-06,0.3173819170432681,0.4249362222006198,0.10755430515735165,0.00011943408875503023,0.618,0.5760000000000001,-0.041999999999999926,0.18955027001065003,0.4903193558878683,0.4010122741795062,-0.0893070817083621,0.0001864531822628228,0.5818162903875173,0.521284138600199,-0.0605321517873183,0.0415485656989084,0.515442291125842,0.4866901343352535,-0.028752156790588457,0.14389645329959397,0.49791251191433533,0.5082758424729874,0.010363330558652073,0.6034258590861673,0.5220729448124641,0.6125710168661732,0.09049807205370908,5.870347730786468e-05,0.5983368564014603,0.715837495820957,0.11750063941949673,3.021237611715153e-07,0.6308623244269462,0.730863709928738,0.10000138550179172,1.4135045039893781e-06
56,UTDHLTRI_RA,0.4761297281487665,0.6834908119436872,0.20736108379492074,3.431861241608272e-11,0.18694778926047712,0.3774087739827066,0.1904609847222295,3.537675171420168e-10,0.546,0.5379999999999999,-0.008000000000000118,0.7958358873965066,0.3600813724389209,0.36768196379805373,0.0076005913591328245,0.7367341716481204,0.4922870379697369,0.45895879639912357,-0.033328241570613315,0.23427636657404566,0.37779344394412356,0.4345729099251583,0.05677946598103473,0.004704775065533173,0.3356648513603772,0.4577791966437929,0.12211434528341569,3.445857739308806e-08,0.35430157969940135,0.5661867182945131,0.2118851385951117,2.79035936429927e-13,0.4098820178060436,0.661968488884856,0.25208647107881244,9.074150826301021e-13,0.4761297281487665,0.6798979088051073,0.20376818065634078,4.762169210166791e-11
57,minfolabTH,0.23556071093985942,0.643518676480318,0.4079579655404586,2.677446698815847e-23,0.08783139850553162,0.346940708652851,0.25910931014731936,1.8784014567834887e-13,0.4679999999999999,0.45400000000000007,-0.013999999999999846,0.622847949459516,0.14692093455940125,0.3415227681964187,0.19460183363701744,1.4637611366129588e-07,0.444849368821533,0.3819566196003642,-0.06289274922116878,0.008186937926871383,0.35620685316716477,0.3987873440408734,0.04258049087370863,0.011471793793949771,0.2736388147028528,0.4351218659289998,0.16148305122614703,2.7653186559106424e-13,0.24021918224966204,0.5406844980271284,0.3004653157774663,1.861744278951342e-20,0.23556071093985942,0.643518676480318,0.4079579655404586,2.677446698815847e-23,0.23556071093985942,0.643518676480318,0.4079579655404586,2.677446698815847e-23
58,sumAbs,0.4173689771789318,0.6476915875146964,0.23032261033576457,2.650910783052318e-14,0.16149379525540264,0.35743732844256226,0.19594353318715962,5.143845393541898e-11,0.482,0.504,0.02200000000000002,0.5287320416047077,0.3200106025184434,0.35407087571421103,0.034060273195767654,0.10802886654922587,0.4627511877527784,0.4313711028141527,-0.03138008493862571,0.29751519800487786,0.3610858228008628,0.42464010870564645,0.06355428590478363,0.004855094650004339,0.33044557414223363,0.4609176340054819,0.13047205986324828,1.3318217725936644e-08,0.3320960963834772,0.5617963464261522,0.22970025004267497,6.060438834165681e-15,0.3725815212662158,0.641037693601239,0.26845617233502317,6.602718536638479e-16,0.4173689771789318,0.646969377767123,0.22960040058819126,2.849751868317683e-14
59,hpipubclass,0.6445228012852888,0.7250696342296792,0.08054683294439036,3.4749030694290766e-05,0.31582680526453893,0.4266551992997958,0.11082839403525685,7.445885417451561e-05,0.7,0.59,-0.10999999999999999,3.801683409270502e-05,0.5245970211038279,0.41132118966127473,-0.11327583144255315,3.5004018995861788e-06,0.6450916037425611,0.5096600299217626,-0.1354315738207985,2.0239260941694123e-06,0.5076237181371666,0.4885211673648617,-0.019102550772304883,0.23236524630093613,0.47950510514175143,0.5156993565454011,0.03619425140364968,0.048095263676436864,0.5110335249194673,0.6115449874070291,0.10051146248756182,2.130646468827262e-06,0.594068213752251,0.7039152431346818,0.10984702938243074,1.6692762211436283e-06,0.6445228012852888,0.7216248201221029,0.07710201883681411,5.494470084319455e-05
60,ECNU_S_Run4,0.014426299370258792,0.5857588450886307,0.571332545718372,1.6684619541386214e-30,0.0007645105841286457,0.28742690213948807,0.28666239155535944,6.785110780033168e-16,0.004,0.38000000000000006,0.37600000000000006,1.5267406114527946e-11,0.010749913943597788,0.28539630083209516,0.27464638688849735,6.939294068636514e-13,0.003471561096838863,0.29392578414886444,0.29045422305202556,4.934663211805798e-11,0.003176669554547558,0.33852599410823186,0.3353493245536843,6.404929420130573e-17,0.0031092865033517676,0.372873243029484,0.3697639565261322,1.4962613619714528e-20,0.0043118903674411015,0.46734127991595037,0.46302938954850925,3.103912350868103e-26,0.007439203532519856,0.5799657534058116,0.5725265498732918,2.9137385067867157e-31,0.014426299370258792,0.5851155727858415,0.5706892734155827,1.9125276446799388e-30
61,SIBTMlit2,0.6394448306948517,0.7266306225180155,0.08718579182316377,0.0001471669448719859,0.32059616641221345,0.4212430165236921,0.10064685011147867,0.0003316091819859537,0.616,0.5740000000000001,-0.041999999999999926,0.17869692060839715,0.5027143343165072,0.40201601214471316,-0.10069832217179409,0.00020261815301984037,0.5951254453953045,0.5053840686064297,-0.08974137678887484,0.002115076012976802,0.5088818078599835,0.4787026127143137,-0.0301791951456698,0.15342959547668492,0.4858192087040692,0.5108260529904093,0.02500684428634009,0.24083555627095152,0.518524922197059,0.6110136942021644,0.09248877200510541,0.00010507801861971027,0.5938745083466237,0.7060991966252511,0.11222468827862742,1.2428653553997593e-05,0.6394448306948517,0.724090877596828,0.0846460469019763,0.00020562342727545348
62,minfolabBA,0.26133014671218413,0.6565059532779397,0.39517580656575557,4.612276381687848e-21,0.10377104608827915,0.35495014395710794,0.2511790978688288,1.977992924256505e-12,0.502,0.44599999999999995,-0.05600000000000005,0.047732462737316246,0.16696365772445684,0.34631778816423214,0.1793541304397753,1.7646356102100858e-06,0.47544799326866666,0.38344621153706065,-0.092001781731606,0.0006879392169565213,0.3809533158332013,0.40389638239006415,0.022943066556862846,0.20873525162920986,0.3001951396165908,0.43986216786833915,0.13966702825174837,8.32203345695786e-10,0.26591913749953994,0.5467992878627683,0.2808801503632284,2.858204597654707e-17,0.26133014671218413,0.6565059532779397,0.39517580656575557,4.612276381687848e-21,0.26133014671218413,0.6565059532779397,0.39517580656575557,4.612276381687848e-21
63,imi_mug_abs2,0.6275594070724672,0.7203265019681514,0.09276709489568424,5.373777343711475e-06,0.31768008348773263,0.4191938496011152,0.10151376611338259,5.3491682903851666e-05,0.604,0.5819999999999999,-0.02200000000000013,0.45010742592008635,0.4857296958192599,0.4007627588393807,-0.08496693697987923,4.150747519739437e-05,0.598368482432172,0.5195534754040656,-0.0788150070281064,0.011543038263407898,0.5190520149644136,0.48635001748095763,-0.032701997483455925,0.076813578976349,0.4965193640265568,0.5117268752853414,0.015207511258784667,0.3893728567830306,0.5215168677168063,0.6052208268487527,0.08370395913194639,4.4462387349468936e-05,0.5875963476645785,0.702668027102088,0.11507167943750951,3.549746460209652e-07,0.6275594070724672,0.7180750660457837,0.09051565897331659,6.7702876727043456e-06
64,hpipubcommon,0.6574189486720913,0.7274629317223016,0.07004398305021031,7.581569384166352e-05,0.32645824229607734,0.42913323849148327,0.10267499619540593,0.00012903712122039497,0.7099999999999999,0.574,-0.1359999999999999,4.3384051048113713e-07,0.5290508917280213,0.41335167101536674,-0.1156992207126546,1.0829907974782022e-06,0.6505548324936078,0.5045729351400039,-0.1459818973536039,6.971114847557929e-08,0.513101577182242,0.48892875197003005,-0.02417282521221198,0.10747937753434594,0.48747536978738026,0.5147062603453256,0.027230890557945364,0.1195853537282499,0.5211209084716715,0.6148170138638125,0.09369610539214102,2.779296344413736e-06,0.6098413715621261,0.7069424738246276,0.09710110226250146,2.383081259956409e-06,0.6574189486720913,0.7246712669769915,0.0672523183049002,0.00011922437072128637
65,doc2vec_run2,0.002147424028153732,0.58132703338365,0.5791796093554963,2.1594592818116624e-31,0.00016409716921409238,0.2856426240504527,0.2854785268812386,6.502228046137947e-16,0.006,0.37200000000000005,0.36600000000000005,9.945763341809001e-12,0.001857816443967149,0.2866074401982423,0.28474962375427515,1.5124022404038044e-13,0.005868735669039056,0.27844865058537527,0.2725799149163362,2.1412977217013984e-11,0.0020674136585241655,0.33304392487761747,0.33097651121909333,7.538904782574409e-17,0.0014394540986020637,0.36744212731658044,0.36600267321797836,1.2631008005038295e-20,0.0009838459512226062,0.4664422224478841,0.4654583764966615,1.70273344629037e-26,0.0014690286970911982,0.5775115282314428,0.5760424995343516,1.7193617784758948e-31,0.002147424028153732,0.58132703338365,0.5791796093554963,2.1594592818116624e-31
66,SINAI_Base,0.5988876896077294,0.7183368489755818,0.11944915936785239,8.238069090169547e-09,0.25817477600432176,0.4042746289825878,0.14609985297826605,9.874548700143099e-08,0.502,0.5479999999999999,0.04599999999999993,0.1906731043233245,0.44776388346338275,0.3842135264394533,-0.06355035702392947,0.00201685101482911,0.47605141180040833,0.49192352791322336,0.015872116112815027,0.6444247740554254,0.4227224214441269,0.46912227896326314,0.04639985751913622,0.021049558905192764,0.4268979103547281,0.4923841000888373,0.06548618973410919,0.000651641701368185,0.46229813999861596,0.5945932336862401,0.1322950936876241,7.987122961533827e-09,0.5513433035288444,0.6980046841389875,0.1466613806101431,1.0873982882713582e-09,0.5988876896077294,0.716101287642553,0.11721359803482356,9.025000148881631e-09
67,ECNU_S_Run1,0.02041830982313286,0.5831641694113836,0.5627458595882507,3.4548205801330485e-29,0.003551600201444422,0.2845794233859057,0.2810278231844613,1.030969280115178e-15,0.016,0.37,0.354,2.4579298359927613e-10,0.011136890417851817,0.28407178906120534,0.2729348986433535,1.3555542259361506e-12,0.016401370359776565,0.2788700610330637,0.26246869067328715,4.688330236347191e-10,0.009443034015594952,0.33053512862051704,0.3210920946049221,3.2209691640667405e-16,0.008381993355289129,0.36687423990991136,0.35849224655462225,5.758783580040213e-20,0.008564064391217785,0.46471548742010926,0.4561514230288915,3.316461943004086e-25,0.012855376123781086,0.5771642783520678,0.5643089022282868,4.979312991829254e-30,0.02041830982313286,0.582770629272341,0.5623523194492082,3.547400987385248e-29
68,mayomedcomp,0.44644067271034144,0.6545093214530325,0.2080686487426911,3.487276162308951e-15,0.18955466527705578,0.37224612072409136,0.18269145544703558,1.351570936548482e-12,0.512,0.528,0.016000000000000014,0.5540877494232199,0.35672163897267395,0.36902558808875,0.012303949116076074,0.48789733290813997,0.4784549968030379,0.46541854186594156,-0.01303645493709632,0.6106062960054782,0.3860523645821832,0.44667133903555384,0.06061897445337061,0.00038383447907836964,0.3495694996506075,0.474381077094518,0.12481157744391047,6.263860960391019e-11,0.3559473790956121,0.5682228224249435,0.2122754433293314,4.2664975871611397e-19,0.40897720250958236,0.6469976660066203,0.23802046349703798,9.141990006877798e-18,0.44644067271034144,0.6541113318272948,0.20767065911695332,3.8668546155966156e-15
69,hpipubbase,0.6133892111788571,0.716145676723588,0.10275646554473084,5.922164476977191e-07,0.3008715163699513,0.41769364276413923,0.11682212639418793,1.803807727811989e-05,0.6960000000000001,0.56,-0.136,1.3379199526287738e-07,0.49116770216981037,0.40261734017243533,-0.08855036199737504,3.489594788314982e-05,0.6405065677962025,0.489502904436306,-0.1510036633598965,7.784251204868913e-08,0.49672053379792613,0.475666781698746,-0.021053752099180145,0.15998950680416577,0.4714970172369158,0.5022165946006156,0.030719577363699846,0.07091373370526761,0.5012047265015063,0.60341150543902,0.10220677893751373,1.1957452754058887e-06,0.5702892554135892,0.6986589543315563,0.12836969891796712,6.186930445665023e-08,0.6133892111788571,0.7137517591259643,0.1003625479471072,8.675165863702328e-07
70,MedIER_sa11,0.6332163002199236,0.7325558248828361,0.09933952466291252,2.0250277886749676e-06,0.3147975196360451,0.42381522692448814,0.10901770728844307,0.00010424686139355217,0.6259999999999999,0.5840000000000001,-0.041999999999999815,0.1579351201203278,0.49286198495262523,0.4007509522297982,-0.09211103272282706,0.0001292583674435126,0.6040533770060915,0.5263542029324721,-0.07769917407361937,0.008646308295042694,0.5201304078602048,0.48834495032269515,-0.031785457537509665,0.10415245414588095,0.49801572610496564,0.5121349401275881,0.01411921402262245,0.4811495335528302,0.5243158455242848,0.6121614072666108,0.08784556174232605,0.0001541730754355905,0.5982306185702817,0.7145783177649659,0.11634769919468424,5.056456523813136e-07,0.6332163002199236,0.7303198255087423,0.09710352528881872,2.5037673018236925e-06
71,imi_mug_abs4,0.6194152621550252,0.7190394862687104,0.09962422411368521,1.9831172355717977e-06,0.31108597507609953,0.41714653142578795,0.10606055634968842,2.7188783461697795e-05,0.59,0.5799999999999998,-0.01000000000000012,0.7380067891463987,0.4792893951815402,0.39880050196027106,-0.08048889322126912,8.683619321014505e-05,0.5891491134870894,0.518321134756761,-0.07082797873032842,0.023577690182407206,0.5103487848498974,0.48435795062480025,-0.02599083422509718,0.1554247868923606,0.49121387237303543,0.5108979829474631,0.019684110574427705,0.26380021039513973,0.5155318671698462,0.6022980949479568,0.0867662277781106,2.9104623008683553e-05,0.581772037155397,0.7012267730502745,0.11945473589487743,1.8277893841090049e-07,0.6194152621550252,0.7166516544319389,0.09723639227691372,2.500439646063078e-06
72,RSA_DSC_LA_4,0.5707471397042263,0.7138318720775839,0.14308473237335761,6.285613690487736e-08,0.2526237119753548,0.4026347221691217,0.1500110101937669,3.2537703234438877e-07,0.5840000000000001,0.5660000000000001,-0.018000000000000016,0.5840789334550864,0.45729174650189996,0.3878706839204349,-0.06942106258146508,0.005894566772190864,0.5705533999133368,0.5118599383686696,-0.05869346154466715,0.06845600604765192,0.44234824224555097,0.46582049019958005,0.02347224795402908,0.2548932092457865,0.41639488880268355,0.49872861873971613,0.08233372993703258,0.0001222123608075704,0.44646394365711345,0.5954145011057557,0.14895055744864222,1.1502774046392428e-08,0.523929306403711,0.6883920461322639,0.16446273972855285,9.158457724087521e-09,0.5707471397042263,0.710127706270487,0.13938056656626074,8.550402477770585e-08
73,UNTIIA_DGEWS,0.2471870692666288,0.6517308285120407,0.40454375924541186,1.9570756279946398e-22,0.06763948121714955,0.34290760874340687,0.2752681275262573,3.359105798349319e-14,0.342,0.42200000000000004,0.08000000000000002,0.025177807106600704,0.18155307253477665,0.332813302085309,0.15126022955053237,4.797118064225241e-05,0.2981214108795087,0.34926071275289805,0.05113930187338933,0.059462130753507474,0.20213467303549726,0.3837243343930931,0.18158966135759586,2.6165396367619277e-10,0.18233286889908715,0.4160457561515913,0.23371288725250414,3.842266687735505e-14,0.19013124218728975,0.5294105447260372,0.3392793025387475,9.852932606953414e-19,0.22680258893638913,0.634869257067738,0.40806666813134884,3.3237024525892674e-22,0.2471870692666288,0.6496642794196454,0.40247721015301663,1.9741313916935892e-22
74,RSA_DSC_LA_1,0.5437886797876568,0.7095212994280818,0.16573261964042507,1.0297922193304162e-08,0.24058430663557193,0.40039030248733937,0.15980599585176744,3.823594121560228e-07,0.5479999999999999,0.5660000000000001,0.018000000000000127,0.6192361137884318,0.45305183802952725,0.38809671516088073,-0.06495512286864652,0.014450468478959486,0.5132833156838713,0.49244521933156415,-0.020838096352307156,0.5171980207072788,0.39920411089430013,0.4572521903299793,0.05804807943567919,0.010703793930896903,0.3821409459659965,0.4925892201473725,0.11044827418137598,1.1445141825122397e-05,0.41818773656271657,0.589577860816361,0.17139012425364442,2.605113892466877e-09,0.49447015534127436,0.6839558711354071,0.18948571579413276,1.0709557548704954e-09,0.5437886797876568,0.7035045009279279,0.15971582114027116,1.5409142107323513e-08
75,UDInfoPMSA2,0.6044419934896447,0.7163253289126463,0.11188333542300166,5.780594377064162e-06,0.2831181355524487,0.4066033899230851,0.1234852543706364,1.0140897813667684e-05,0.586,0.55,-0.03599999999999992,0.21757873884891554,0.44952670263028105,0.388364922406493,-0.06116178022378804,0.01017884996301554,0.5691984781338174,0.49363004541463773,-0.07556843271917968,0.014556808552012867,0.47351267618624526,0.47187984408276906,-0.0016328321034762006,0.937542451066451,0.45886366939816675,0.49501883438621147,0.03615516498804472,0.08895919375185207,0.486353893757907,0.600094233583057,0.11374033982515003,6.979021846124354e-06,0.5622475180299954,0.6965278741551569,0.13428035612516154,8.770297384886118e-07,0.6044419934896447,0.7135953712154806,0.10915337772583589,7.694341663001254e-06
76,mayopubtator,0.35016740998591867,0.645276308380877,0.29510889839495835,3.510113249056996e-17,0.14595777577096256,0.357826847729573,0.21186907195861046,1.1513723664947708e-13,0.49,0.512,0.02200000000000002,0.40010761789711136,0.2845298310471337,0.3563411473232657,0.07181131627613202,0.004901588767257252,0.46083126989537776,0.4562105916551948,-0.004620678240182974,0.8585209395468207,0.3469706301264598,0.43165883845330205,0.08468820832684226,6.825651657017148e-05,0.30143897651748175,0.458844752649412,0.15740577613193024,3.771578395822845e-11,0.3011891990716435,0.5565741072258296,0.2553849081541861,7.113003183636e-18,0.3341946915743804,0.6393162148322865,0.3051215232579061,2.8999309142577015e-18,0.35016740998591867,0.6449680727144124,0.2948006627284937,3.498967092213418e-17
77,SIBTMlit5,0.6326107512183374,0.7243007917447767,0.09169004052643925,8.794251992966964e-05,0.30596458188869313,0.41727162556918573,0.1113070436804926,9.680861725839235e-05,0.634,0.554,-0.07999999999999996,0.021067723905592337,0.4897899716676126,0.3983004424421858,-0.0914895292254268,0.0008440171386615219,0.6071511972106972,0.4875636118265335,-0.1195875853841637,0.00047070921790586705,0.49817044066936966,0.47278663470238586,-0.025383805966983808,0.2257916970734319,0.47301816702710325,0.5034196128435411,0.030401445816437833,0.15049793838160033,0.5016420119540583,0.6097833128317247,0.10814130087766638,5.311951859700322e-06,0.5877250878195552,0.7033855206064223,0.1156604327868671,1.0212629370390437e-05,0.6326107512183374,0.7209854262151477,0.08837467499681029,0.00012785344583450347
78,KL18absWV,0.29353258377407665,0.6351082172056176,0.34157563343154096,1.5301837564045202e-18,0.0787815661064085,0.330712905801991,0.25193133969558246,7.659572913309796e-14,0.28400000000000003,0.44,0.15599999999999997,0.00010854968516699033,0.24342141546385165,0.33001604549566155,0.0865946300318099,0.00026435262356560603,0.2558762949672942,0.35668574379199036,0.10080944882469617,0.009772086213184046,0.19959441794686925,0.3752602196724835,0.17566580172561427,1.3332015268793787e-08,0.18869970159844698,0.4157574135886638,0.22705771199021682,5.708895659683549e-14,0.20300626774763392,0.5225667080396711,0.3195604402920372,1.8763083483124697e-19,0.2518645170053841,0.6182178908791588,0.3663533738737747,2.966863706908187e-19,0.29353258377407665,0.6322916319640032,0.3387590481899265,1.868224111217048e-18
79,sumEW,0.4199594683510576,0.6495162171743923,0.22955674882333477,3.207483094850567e-14,0.16548831399354852,0.3605221377572231,0.19503382376367456,6.445393481399865e-11,0.498,0.504,0.006000000000000005,0.8615197244431937,0.326995486540109,0.35723943127004987,0.030243944729940853,0.14788482739737177,0.47669655951041384,0.43870226805215523,-0.03799429145825861,0.2516308667542317,0.36470425501385145,0.4302467616759186,0.06554250666206712,0.005283929110727333,0.33284920666093964,0.4637965308947061,0.13094732423376648,3.724370562899552e-08,0.33924891473212865,0.564386382589424,0.22513746785729533,6.93267039768033e-14,0.38600569858552125,0.6427346466988958,0.25672894811337454,1.0584234012562989e-14,0.4199594683510576,0.6487205595506783,0.22876109119962074,3.322206199278402e-14
80,para_fusion,0.5339877349374715,0.7029740340514101,0.1689862991139386,5.194092883149117e-12,0.2232860940178377,0.39453645089027845,0.17125035687244075,4.223121747884666e-09,0.49199999999999994,0.5359999999999999,0.043999999999999984,0.1881932606915424,0.40794617539964295,0.377575394515495,-0.030370780884147963,0.1757677142576803,0.45934421846615436,0.4736396320102541,0.014295413544099744,0.6088864372789314,0.39999882336556064,0.4480611348520962,0.04806231148653556,0.022105714974516043,0.3858759089180953,0.476922887195563,0.09104697827746766,1.217579912506751e-05,0.4083453564614732,0.5814447469717596,0.17309939051028644,1.7786583330937162e-11,0.48295690381576944,0.6849572658340066,0.20200036201823718,1.009939516811328e-12,0.5339877349374715,0.699980491772856,0.1659927568353845,5.559650823310625e-12
81,aCSIROmedMCB,0.34341183585609625,0.6723082446887322,0.32889640883263593,5.074417955655761e-20,0.10876220653131055,0.3521739860439186,0.24341177951260803,6.991829707408575e-13,0.414,0.498,0.08400000000000002,0.019963642800223783,0.2831041181602018,0.3451488774563389,0.062044759296137064,0.003243687756444555,0.3445945333430085,0.4155793947072446,0.0709848613642361,0.02246212857659218,0.24927697905701174,0.39896916677306615,0.14969218771605441,1.297408758700795e-07,0.23915964051634883,0.4378280774551701,0.19866843693882127,3.889098096046533e-12,0.25478695288560876,0.540423889018225,0.28563693613261626,1.318709016115697e-17,0.3116726003772944,0.640999761904443,0.3293271615271486,4.946202724508004e-19,0.34341183585609625,0.6644623440315581,0.3210505081754619,5.184297040479293e-20
82,UTDHLTRI_NL,0.5607770476193477,0.7050056077141246,0.14422856009477691,1.6974448895643613e-06,0.2584744979820688,0.4031722446650783,0.1446977466830095,3.383495142914031e-06,0.622,0.546,-0.07599999999999996,0.011477988521017937,0.4579351681822942,0.39033768303968214,-0.06759748514261205,0.015027290014285738,0.5653221118099442,0.4639079570808125,-0.10141415472913168,0.0005027047784841919,0.4175852869259999,0.4556362360262806,0.03805094910028073,0.120416172197996,0.39669547012733347,0.48683346119009874,0.09013799106276527,0.00030297381304321424,0.4411712683644841,0.585950261889947,0.14477899352546292,3.8980318473566656e-07,0.5158470027200655,0.6863647656688958,0.17051776294883036,7.384809723835182e-08,0.5607770476193477,0.7024371737251801,0.14166012610583245,2.2526509506564753e-06
83,UVAEXPBSTEXT,0.20031800550994558,0.6404106396179252,0.4400926341079796,1.1566163286169167e-25,0.08473028856948549,0.35431692701321355,0.26958663844372804,6.693218776563492e-14,0.628,0.528,-0.09999999999999998,0.00014319506223449456,0.11137846750984505,0.3496026695421696,0.23822420203232458,5.049453578523833e-10,0.5566234240943111,0.4655882523797674,-0.09103517171454367,0.00011240735729618607,0.3063513264939919,0.4366176291911525,0.1302663026971606,1.6502517578279902e-10,0.22875484471578766,0.4576102240730777,0.22885537935729006,8.985995514560238e-17,0.20383576633357364,0.5611217063875509,0.35728594005397724,6.829320012180215e-24,0.20031800550994558,0.6404106396179252,0.4400926341079796,1.1566163286169167e-25,0.20031800550994558,0.6404106396179252,0.4400926341079796,1.1566163286169167e-25
84,RSA_DSC_LA_5,0.5706848753742707,0.7141526333785884,0.14346775800431766,6.503340801680572e-08,0.252346664235451,0.40308559068935773,0.15073892645390674,2.98175358792234e-07,0.5840000000000001,0.5660000000000001,-0.018000000000000016,0.5896998933009221,0.45817046150527896,0.388158858075972,-0.07001160342930696,0.006023286353856585,0.5705533999133368,0.5122120419840261,-0.05834135792931061,0.06998389222306124,0.44103087887527465,0.4664213461383012,0.025390467263026573,0.22185989412263324,0.4185970262523431,0.4993488822419861,0.08075185598964302,0.00020572192035518442,0.4470315710011314,0.5957097297387551,0.14867815873762374,1.5258175735009736e-08,0.522018446726366,0.6897514196387007,0.1677329729123347,4.948022657114912e-09,0.5706848753742707,0.7102720354499623,0.1395871600756916,9.28893787454831e-08
85,UNTIIA_WTU,0.18562297014791138,0.6410082002271706,0.45538523007925924,1.507156156449265e-26,0.05059127235629373,0.3351282792845292,0.28453700692823547,7.716301520289999e-15,0.354,0.43799999999999994,0.08399999999999996,0.02196187279144504,0.1309165958389169,0.3283587690363899,0.19744217319747298,1.6787318964839378e-07,0.32914351237323985,0.37257302934637443,0.043429516973134574,0.11948287670263139,0.1991588189763998,0.3862820455157362,0.18712322653933638,1.2850982664363168e-10,0.16925415287398043,0.4146657347120881,0.24541158183810768,1.5819037384696965e-14,0.16567287716873275,0.5283727940280191,0.3626999168592863,2.385710599834642e-20,0.1816522364998088,0.6302390334091246,0.4485867969093158,8.359445434895095e-26,0.18562297014791138,0.6403682599090199,0.4547452897611085,1.380717966827664e-26
86,MedIER_sa14,0.6267258329249212,0.7302038387487549,0.10347800582383371,9.223644122265186e-07,0.3120928052551188,0.4225905208026035,0.11049771554748472,8.291147126851043e-05,0.624,0.586,-0.038000000000000034,0.1959055631811184,0.4882921920183044,0.4010406839023624,-0.08725150811594201,0.00030645421113674725,0.6073337012347659,0.5275123027580577,-0.07982139847670822,0.007131231717608601,0.5189548507994122,0.48792061651968743,-0.031034234279724737,0.1162624008189668,0.49560363547078623,0.5115065391515542,0.015902903680767966,0.4100765856986125,0.5233566238641532,0.611355569847742,0.08799894598358882,8.614087846058323e-05,0.5907793063082775,0.7134367910343761,0.12265748472609861,1.8598367269745755e-07,0.6267258329249212,0.7282250176864234,0.10149918476150221,1.1442006589685018e-06
87,UCASSA3,0.6170028642439607,0.7240153391781347,0.10701247493417398,1.2884603358258323e-07,0.3001244066254809,0.4169949934368599,0.11687058681137902,1.3420511771539198e-05,0.578,0.5880000000000001,0.01000000000000012,0.7499461541680769,0.48124764294298106,0.39575321989897927,-0.08549442304400179,0.000179902113282662,0.5634487312204515,0.5273015660015613,-0.036147165218890165,0.272560766061051,0.49876382268776986,0.4793253203524697,-0.019438502335300145,0.2804090631518767,0.4773768150484006,0.5062199755897525,0.028843160541351887,0.11991740477867373,0.49716405052524304,0.6091376132572164,0.11197356273197334,1.6199792101816152e-07,0.5773214680423693,0.7073290532775625,0.13000758523519318,1.2499642707563594e-08,0.6170028642439607,0.7216926993849406,0.10468983514097996,1.4092630920455442e-07
88,imi_mug_abs1,0.6265390839787855,0.7189247427062917,0.09238565872750615,5.810703608128145e-06,0.31692426371329874,0.41818503419957226,0.10126077048627352,5.4259060774094934e-05,0.604,0.5819999999999999,-0.02200000000000013,0.45010742592008635,0.4854670767212666,0.4006296815907463,-0.0848373951305203,4.147802645019661e-05,0.5985203864455965,0.5197316326572882,-0.0787887537883083,0.01149744801436565,0.5200020816878616,0.48709227475638356,-0.03290980693147799,0.0751964208007344,0.4960745625689911,0.5124784543325536,0.016403891763562495,0.35244819720026443,0.5201922655436135,0.6050291943333359,0.08483692878972238,3.8886105809675685e-05,0.5858070605974219,0.7009673024042762,0.11516024180685425,4.1891551557915325e-07,0.6265390839787855,0.7169860170552748,0.09044693307648921,6.800265449772323e-06
89,UVAEXPBSTSHD,0.1751052795423768,0.6315046677761472,0.4563993882337704,8.507318151134592e-27,0.06929471235434397,0.343578831435983,0.274284119081639,3.7639532551153695e-14,0.5820000000000001,0.5,-0.08200000000000007,0.0012049438024170163,0.09373722213584118,0.3352534210462305,0.24151619891038933,6.021667915332508e-10,0.5342446784511568,0.4464324331934677,-0.08781224525768905,0.00014060361837469774,0.2751231951272911,0.4215816198760775,0.1464584247487864,8.130357782717909e-13,0.20275305301137475,0.4443187667286254,0.24156571371725066,3.2013326189371103e-18,0.17858925326623892,0.5491971307540819,0.370607877487843,4.5870784863263124e-24,0.1751052795423768,0.6315046677761472,0.4563993882337704,8.507318151134592e-27,0.1751052795423768,0.6315046677761472,0.4563993882337704,8.507318151134592e-27
90,hpipubboost,0.6604848220138192,0.7274958279299425,0.0670110059161233,0.000196132884142072,0.329610951774246,0.4299997420028112,0.10038879022856523,0.00021318087049329928,0.708,0.586,-0.122,3.327618521213504e-06,0.5325811423394768,0.4136804219175827,-0.11890072042189415,6.806688724041901e-07,0.6494384438764499,0.50893191373073,-0.1405065301457199,3.6525893955627146e-07,0.5208820433276518,0.4890059281533724,-0.03187611517427935,0.03912976486807168,0.48931578721335195,0.5173653598299289,0.02804957261657698,0.12489008307741581,0.5260152431959156,0.6149927041929394,0.08897746099702375,1.7503168318866476e-05,0.6116756878543336,0.7063542013924012,0.09467851353806767,1.0394056833721788e-05,0.6604848220138192,0.7242672176855303,0.06378239567171107,0.00034857263236144897
91,UDInfoPMSA5,0.5775689127308733,0.7136893787784065,0.13612046604753325,5.9407275894652804e-08,0.2667260159976523,0.4039802514828919,0.13725423548523963,1.1522476126686663e-06,0.5860000000000001,0.54,-0.04600000000000004,0.13155718433916716,0.43302861275611554,0.38523115740279384,-0.047797455353321694,0.030520509984719193,0.570587393433045,0.48999312302674186,-0.08059427040630313,0.010367303687809868,0.4719333626268182,0.47038476982242833,-0.0015485928043898478,0.9440184500861755,0.4481360912933106,0.49468140983983616,0.04654531854652555,0.025795751463878868,0.47076091767228745,0.5974391988162311,0.12667828114394364,7.17057491209593e-07,0.5389402073009878,0.6948582976490754,0.15591809034808757,1.640740324519713e-08,0.5775689127308733,0.7107370559882645,0.13316814325739124,7.778099407582228e-08
92,minfolabBD,0.23370624606112778,0.6436816409087668,0.409975394847639,5.228462579989651e-23,0.09001299753976291,0.3463340118768584,0.25632101433709553,2.512236187045337e-13,0.45,0.41800000000000004,-0.03199999999999997,0.35262619636753245,0.14936331823425286,0.34259997196214054,0.19323665372788768,1.7827247669576912e-07,0.42132912222175506,0.3456016682807228,-0.07572745394103225,0.013475245879742132,0.34378644651183443,0.39041428366610625,0.04662783715427182,0.01060045192140561,0.2683939367661409,0.42962336082070046,0.1612294240545596,3.3590587128259097e-12,0.2381109227568624,0.5353118224964459,0.2972008997395835,2.825313122145398e-20,0.23370624606112778,0.6436816409087668,0.409975394847639,5.228462579989651e-23,0.23370624606112778,0.6436816409087668,0.409975394847639,5.228462579989651e-23
93,UCASSA1,0.6162276593591947,0.7244999826299537,0.10827232327075909,1.1786564691088248e-07,0.3000794189164593,0.41817327772996343,0.11809385881350415,1.132114296294652e-05,0.574,0.5760000000000001,0.002000000000000113,0.9519352089327255,0.478587442448209,0.39600571542243984,-0.08258172702576916,0.00017745288873019478,0.5505969314044679,0.5206073883668916,-0.029989543037576283,0.3777721605263149,0.4950377760201543,0.48030735339423963,-0.014730422625914674,0.41113759390230287,0.47051436891843623,0.5035181966776292,0.03300382775919297,0.06431255662884623,0.5041683995472112,0.6107932671114105,0.10662486756419931,9.9424121354361e-07,0.5724447497910989,0.7075903526369788,0.13514560284587984,1.6889033496686155e-08,0.6162276593591947,0.7227800777331823,0.10655241837398766,1.5772471917652485e-07
94,UVAEXPBOOST,0.18359641320253905,0.6352252758843746,0.45162886268183555,1.4433677201645602e-25,0.07662971490220055,0.34988232539287245,0.2732526104906719,5.291778652108068e-14,0.5980000000000001,0.5260000000000001,-0.07199999999999995,0.006649355648368849,0.10125404664336095,0.34435224736205805,0.2430982007186971,2.9085006149078723e-10,0.5296131052242123,0.45704668207271226,-0.07256642315150008,0.0035388046291896028,0.2823849204181303,0.4274238417055548,0.14503892128742452,1.5429173811821574e-11,0.20990887407126557,0.4476205603514336,0.23771168628016803,4.375319419569631e-17,0.18670655399622937,0.552053437235985,0.3653468832397556,1.3945797531364445e-23,0.18359641320253905,0.6352252758843746,0.45162886268183555,1.4433677201645602e-25,0.18359641320253905,0.6352252758843746,0.45162886268183555,1.4433677201645602e-25
95,UCASSA4,0.6334244941601733,0.7245612912912388,0.09113679713106548,1.400457493091826e-06,0.3086916349402495,0.4168261673243746,0.10813453238412513,4.4045408819634595e-05,0.5760000000000001,0.574,-0.002000000000000113,0.9498262253588101,0.4857249099990936,0.39688366378853973,-0.08884124621055389,6.242432157364724e-05,0.5573591017251797,0.5148184178650524,-0.042540683860127215,0.19898487665011907,0.49835923982540825,0.4761366094285259,-0.022222630396882326,0.23261259259123346,0.4799325937134039,0.5060476577624811,0.026115064049077152,0.16624897062785518,0.5060401162926295,0.6089461431086659,0.10290602681603644,9.484111326897741e-07,0.5886736210864698,0.7063766376572693,0.11770301657079951,1.09278364722448e-07,0.6334244941601733,0.7223577922732168,0.08893329811304351,1.6694835160239168e-06
96,IKMLAB_2,0.5104405668272816,0.6643535211552114,0.15391295432792984,2.5769791217034168e-12,0.22672600013212235,0.3873559376337785,0.16062993750165616,2.900029928733308e-08,0.5920000000000001,0.574,-0.018000000000000127,0.5937697710354497,0.4219898751643661,0.3886565442018542,-0.0333333309625119,0.07677954041465118,0.49788057004968667,0.48065816598224304,-0.01722240406744363,0.5795111894883421,0.39621756784121415,0.4584882789917069,0.062270711150492764,0.004435626568531758,0.37421305692114887,0.49066687105585577,0.1164538141347069,4.1589782050677155e-07,0.4077644458057217,0.5848040565654136,0.17703961075969188,2.4586968720535183e-11,0.47235161514626567,0.6572923205659781,0.18494070541971241,3.0720412729593606e-12,0.5104405668272816,0.662788269030845,0.15234770220356342,2.7043811492343443e-12
97,ECNU_S_Run2,0.013357249766142214,0.5809981604380774,0.5676409106719352,1.4913155082713669e-30,0.0010763769257528559,0.28509985222071105,0.2840234752949582,1.082439794924574e-15,0.016,0.37799999999999995,0.36199999999999993,2.484222746181638e-11,0.009987794905652074,0.2854085601755561,0.27542076526990406,7.533199830820815e-13,0.011826875836425272,0.2763345263071979,0.2645076504707726,1.0864170880397044e-10,0.005241177548890824,0.3326063167631309,0.3273651392142401,1.2665974619607038e-16,0.0044576380817826,0.3674279487427102,0.36297031066092755,1.4435448870179863e-20,0.005527533516415141,0.4635956069373954,0.4580680734209802,3.1171394290731186e-26,0.009330188716086617,0.5751476923390713,0.5658175036229847,7.431495519397331e-31,0.013357249766142214,0.5803555881683802,0.566998338402238,1.697335097542024e-30
98,cbnuSA1,0.5193702305183706,0.6657932021387315,0.1464229716203609,3.536952524926297e-10,0.22829540492750808,0.3806550485926304,0.1523596436651223,1.176514916018311e-08,0.5619999999999999,0.55,-0.0119999999999999,0.677292316596489,0.39429059956585183,0.3769062516795685,-0.017384347886283347,0.32781992077286315,0.5399300827066121,0.48294990679599725,-0.05698017591061488,0.045968455612072155,0.4421994422925443,0.461217553928633,0.019018111636088686,0.29248064776129007,0.41489712853726096,0.48928761816626865,0.07439048962900768,5.4129228089913245e-05,0.42410691536887674,0.5823961210642681,0.15828920569539134,8.244182124513776e-12,0.478953147446379,0.6582511179793242,0.17929797053294522,9.794381991050523e-12,0.5193702305183706,0.6648519262324496,0.14548169571407898,4.128858086545519e-10
99,MedIER_sa12,0.616702135166014,0.7285504688471321,0.11184833368111813,1.7521561149548393e-07,0.3017735571035848,0.42060283351491523,0.11882927641133045,2.46920027713066e-05,0.6,0.568,-0.03200000000000003,0.2917605952499622,0.4796306021760668,0.39695368248783874,-0.08267691968822805,0.0005759433217170678,0.5666314582000819,0.5052994638216736,-0.061331994378408305,0.04099681614117438,0.4968192192535927,0.47997258470488824,-0.016846634548704442,0.3901754997884902,0.4815163247814349,0.49956792597754246,0.018051601196107547,0.36551050401931284,0.5063707253062942,0.6106045261252272,0.10423380081893296,2.968771565884161e-06,0.5834615834740943,0.7117904183817201,0.1283288349076258,3.122551983615533e-08,0.616702135166014,0.7268368112267904,0.11013467606077643,2.032940525636415e-07
100,UCASSA5,0.6441032085840044,0.7292645538647475,0.08516134528074315,5.875074103409419e-06,0.3187837298359145,0.42451212165791957,0.10572839182200505,9.379973755332399e-05,0.602,0.5680000000000001,-0.03399999999999992,0.21467774791060001,0.4949232110964676,0.4032349982094329,-0.09168821288703466,3.617548652306015e-05,0.5761107142413366,0.5175064612213527,-0.058604253019983954,0.049322930308284746,0.5131261394421136,0.4874507377843031,-0.025675401657810515,0.15043191364798908,0.4943965099377965,0.5096084399770536,0.015211930039257138,0.4035998911557115,0.5232143664556895,0.6163939328488515,0.09317956639316194,8.184640441956365e-06,0.5991171628283143,0.7135179323539239,0.11440076952560962,6.2473688822465e-07,0.6441032085840044,0.7282090760651364,0.08410586748113202,6.664101326566898e-06
101,cubicsumWAbs,0.4015084589931462,0.6474796089576952,0.245971149964549,5.4790910599001786e-15,0.14852970967401752,0.3571223401555922,0.20859263048157467,6.19575476031972e-12,0.5,0.494,-0.006000000000000005,0.8669200084173436,0.3151931059986753,0.35277171555390063,0.03757860955522535,0.08202701949369595,0.4605761581478705,0.4366043450539617,-0.023971813093908834,0.4860566655225035,0.3437563083626497,0.4265073285891263,0.08275102022647662,0.00034731776975218374,0.3088464937448075,0.4584003113609094,0.14955381761610193,4.0628258388852807e-10,0.3207830928745407,0.560815591978749,0.24003249910420826,1.477794481156746e-15,0.36521248350119884,0.6416392211223325,0.2764267376211337,5.002894113261815e-16,0.4015084589931462,0.6467309331585939,0.24522247416544768,5.716712355158596e-15
102,UNTIIA_DGEWU,0.25236264878426656,0.6556541615380526,0.403291512753786,1.2888763604502088e-22,0.06942372848857631,0.3437596239369471,0.2743358954483708,2.190112508987823e-14,0.35400000000000015,0.43799999999999994,0.0839999999999998,0.01244557504126168,0.17976608848616926,0.3333331050481352,0.15356701656196592,3.224406049697683e-05,0.3410322648473481,0.3728450207540681,0.03181275590672,0.25780727072002235,0.20765939898493552,0.39287630261713247,0.18521690363219695,6.524253220160503e-11,0.1854278310275868,0.42079260345415403,0.23536477242656723,2.85891998630481e-14,0.19624451867153547,0.5333613230446665,0.3371168043731311,9.353391290780458e-19,0.2324084322273233,0.6370193516937467,0.40461091946642336,2.6168463764377613e-22,0.25236264878426656,0.6525310921084508,0.4001684433241843,1.5693169274822162e-22
